{
  "synth_scenario_0": {
    "heatCorrection": 0.2564013654896149,
    "lampsOffSun": 0.8474342982398575,
    "lampRadSumLimit": 11.309207067652842,
    "tSpNight": 18.465966038323003,
    "tSpDay": 19.465966038323003,
    "cLeakage": 0.00033008690226589714,
    "hRf": 0.00850461558848178,
    "tauLampPar": 0.04544260057438598,
    "tauLampNir": 0.9589729076781082,
    "tauLampFir": 0.20068661097036755,
    "aLamp": 0.07510023421745943,
    "thetaLampMax": 6.085064903556258,
    "capLamp": 301.8587750982467,
    "cHecLampAir": 0.2537113523205964
  },
  "synth_scenario_1": {
    "heatCorrection": 0.0348507380917249,
    "lampsOffSun": 892.903288005249,
    "lampRadSumLimit": 13.702583194902221,
    "tSpNight": 17.333593372691684,
    "tSpDay": 18.333593372691684,
    "cLeakage": 0.0001583352694004697,
    "hRf": 0.0022290620933026924,
    "tauLampPar": 0.5572577575877596,
    "tauLampNir": 0.15204820521499451,
    "tauLampFir": 0.22229075620635963,
    "aLamp": 0.027078195301255062,
    "thetaLampMax": 266.6468585851674,
    "capLamp": 341.3628217035514,
    "cHecLampAir": 0.5929924221340455
  },
  "synth_scenario_2": {
    "heatCorrection": 1.71567179381514,
    "lampsOffSun": 499.4672044377233,
    "lampRadSumLimit": 1.6196828902036708,
    "tSpNight": 20.371900885992673,
    "tSpDay": 21.371900885992673,
    "cLeakage": 4.268131683434182e-05,
    "hRf": 0.0015573132720141138,
    "tauLampPar": 0.3033133165205213,
    "tauLampNir": 0.06338522123547918,
    "tauLampFir": 0.24701670354991034,
    "aLamp": 0.06912354409673561,
    "thetaLampMax": 233.02411529952127,
    "capLamp": 70.8169432224559,
    "cHecLampAir": 3.6378095907448547
  },
  "synth_scenario_3": {
    "heatCorrection": 1.9126866853516766,
    "lampsOffSun": 264.7933156966855,
    "lampRadSumLimit": 3.8280614356972986,
    "tSpNight": 17.469034657837867,
    "tSpDay": 18.469034657837867,
    "cLeakage": 0.00015634670012232014,
    "hRf": 0.00434049442574557,
    "tauLampPar": 0.7062483860958962,
    "tauLampNir": 0.5472420552285009,
    "tauLampFir": 0.6588947799321623,
    "aLamp": 0.0179882068477341,
    "thetaLampMax": 39.88371893734265,
    "capLamp": 290.57085377019763,
    "cHecLampAir": 0.8884015994008387
  },
  "synth_scenario_4": {
    "heatCorrection": 0.547984360060193,
    "lampsOffSun": 729.3754399622485,
    "lampRadSumLimit": 1.2054616458909262,
    "tSpNight": 16.89990509182567,
    "tSpDay": 17.89990509182567,
    "cLeakage": 0.0002922304804455623,
    "hRf": 0.00978219784014243,
    "tauLampPar": 0.3981146957743722,
    "tauLampNir": 0.2554299432027829,
    "tauLampFir": 0.052202017127429,
    "aLamp": 0.007197626040447647,
    "thetaLampMax": 207.4346805752483,
    "capLamp": 38.76865455233589,
    "cHecLampAir": 0.06217842280158703
  },
  "synth_scenario_5": {
    "heatCorrection": 1.3596521672758066,
    "lampsOffSun": 137.9959844968176,
    "lampRadSumLimit": 19.317003321044282,
    "tSpNight": 17.154113771912563,
    "tSpDay": 18.154113771912563,
    "cLeakage": 0.00019525405933113295,
    "hRf": 0.0070095378088073776,
    "tauLampPar": 0.9769660005634998,
    "tauLampNir": 0.0616533528594716,
    "tauLampFir": 0.19880381242077672,
    "aLamp": 0.04308195675592587,
    "thetaLampMax": 262.5585398059985,
    "capLamp": 275.3000306796469,
    "cHecLampAir": 0.21007169810544013
  },
  "synth_scenario_6": {
    "heatCorrection": 0.8935763999863635,
    "lampsOffSun": 216.65715256628192,
    "lampRadSumLimit": 0.2002703687279972,
    "tSpNight": 20.01237777084481,
    "tSpDay": 21.01237777084481,
    "cLeakage": 0.0004041518401554776,
    "hRf": 0.007387993267243229,
    "tauLampPar": 0.871972050087734,
    "tauLampNir": 0.04835536809614205,
    "tauLampFir": 0.8061028231259039,
    "aLamp": 0.018262459045949964,
    "thetaLampMax": 164.75190067382493,
    "capLamp": 239.43693606120115,
    "cHecLampAir": 2.95564594740671
  },
  "synth_scenario_7": {
    "heatCorrection": 1.4078436718481526,
    "lampsOffSun": 745.4080836107232,
    "lampRadSumLimit": 12.45118472180116,
    "tSpNight": 18.692903662013386,
    "tSpDay": 19.692903662013386,
    "cLeakage": 3.417315420949337e-05,
    "hRf": 0.008535235038886292,
    "tauLampPar": 0.13645724200445764,
    "tauLampNir": 0.12648166156773533,
    "tauLampFir": 0.8638901187490317,
    "aLamp": 0.06979265812639317,
    "thetaLampMax": 217.0488387211127,
    "capLamp": 145.31394104738183,
    "cHecLampAir": 1.735503039710247
  },
  "synth_scenario_8": {
    "heatCorrection": 0.4751893973504375,
    "lampsOffSun": 30.399666595521957,
    "lampRadSumLimit": 2.626471429441848,
    "tSpNight": 18.60067716866036,
    "tSpDay": 19.60067716866036,
    "cLeakage": 0.00044635187435043135,
    "hRf": 0.004500901378951703,
    "tauLampPar": 0.9309467716347591,
    "tauLampNir": 0.8327616488916726,
    "tauLampFir": 0.48646427533992276,
    "aLamp": 0.05847628144895886,
    "thetaLampMax": 32.49636578673593,
    "capLamp": 166.4292238020348,
    "cHecLampAir": 1.2520844163734086
  },
  "synth_scenario_9": {
    "heatCorrection": 0.06042879302379922,
    "lampsOffSun": 154.07576919677334,
    "lampRadSumLimit": 17.17529261230699,
    "tSpNight": 18.686841544330594,
    "tSpDay": 19.686841544330594,
    "cLeakage": 5.797757503613145e-05,
    "hRf": 0.0059010112286788955,
    "tauLampPar": 0.95455312418996,
    "tauLampNir": 0.191844102779267,
    "tauLampFir": 0.7883122948398578,
    "aLamp": 0.047057072660683846,
    "thetaLampMax": 186.497703762482,
    "capLamp": 264.6435030906721,
    "cHecLampAir": 4.771342035560457
  },
  "synth_scenario_10": {
    "heatCorrection": 1.5672735562743871,
    "lampsOffSun": 917.6073661685418,
    "lampRadSumLimit": 8.420567020642158,
    "tSpNight": 19.399032182414537,
    "tSpDay": 20.399032182414537,
    "cLeakage": 0.000383076389236579,
    "hRf": 0.0015829346168146456,
    "tauLampPar": 0.8831284823008806,
    "tauLampNir": 0.05930829041083063,
    "tauLampFir": 0.4261732427970022,
    "aLamp": 0.010597354270178506,
    "thetaLampMax": 234.49990322357485,
    "capLamp": 365.2048332673874,
    "cHecLampAir": 3.268415789789536
  },
  "synth_scenario_11": {
    "heatCorrection": 0.7455188628054541,
    "lampsOffSun": 126.83225418287014,
    "lampRadSumLimit": 3.4557144558446407,
    "tSpNight": 17.34844164237783,
    "tSpDay": 18.34844164237783,
    "cLeakage": 0.00024504948471968513,
    "hRf": 0.009961550695978323,
    "tauLampPar": 0.6164932308150752,
    "tauLampNir": 0.9656274739327771,
    "tauLampFir": 0.2140039067848709,
    "aLamp": 0.05927156897261785,
    "thetaLampMax": 189.56772449523527,
    "capLamp": 253.25470678562243,
    "cHecLampAir": 1.1900693882058844
  },
  "synth_scenario_12": {
    "heatCorrection": 0.43921618034060317,
    "lampsOffSun": 41.41231715489091,
    "lampRadSumLimit": 1.5775120974918178,
    "tSpNight": 16.922991210032325,
    "tSpDay": 17.922991210032325,
    "cLeakage": 0.0004778447379021512,
    "hRf": 0.004854703489486476,
    "tauLampPar": 0.8692525674782576,
    "tauLampNir": 0.5113300118771427,
    "tauLampFir": 0.4493548734951399,
    "aLamp": 0.07626046885410895,
    "thetaLampMax": 136.52957114887514,
    "capLamp": 162.84041226608687,
    "cHecLampAir": 1.2083162970456052
  },
  "synth_scenario_13": {
    "heatCorrection": 0.9266920994951215,
    "lampsOffSun": 704.0006612608105,
    "lampRadSumLimit": 10.969451492658992,
    "tSpNight": 19.77950094788899,
    "tSpDay": 20.77950094788899,
    "cLeakage": 0.00038186941138416346,
    "hRf": 0.002114764578606266,
    "tauLampPar": 0.17579729551057366,
    "tauLampNir": 0.4366074539954873,
    "tauLampFir": 0.8089149920122235,
    "aLamp": 0.09597667475277082,
    "thetaLampMax": 17.35116026056368,
    "capLamp": 65.1361781736405,
    "cHecLampAir": 4.535883210975367
  },
  "synth_scenario_14": {
    "heatCorrection": 0.46393919626617386,
    "lampsOffSun": 606.8681886638337,
    "lampRadSumLimit": 7.698181007852569,
    "tSpNight": 16.861962073156178,
    "tSpDay": 17.861962073156178,